full_price,name,brand,photo
$35.00,White Truffle Aromatic Body Mist Serum,D'ALBA PIEDMONT,
$24.00,Madecassoside Blemish Pad,MEDIHEAL,
$24.99,Glitterpedia Eye Palette - No3. All of Coral Pink,UNLEASHIA,
$19.00,Bio Collagen-Real Deep Mask (4 Pack),Biodance,
$24.00,DIVE-IN Low Molecular Hyaluronic Acid Serum,Torriden,
$28.00,Re:wake Moist Treatment,Plodica,
$24.00,DIVE-IN Low Molecular Hyaluronic Acid Serum,Torriden,
,medicube PDRN Pink Peptide Ampoule,,
,WAKEMAKE Seamless Wear Foundation,,
,JUNGSAEMMOOL Essential Skin Nuder Cushion,,
$24.00,Madecassoside Blemish Pad,MEDIHEAL,
$32.99,Atobarrier 365 Hydro Essence,Aestura,
,beplain Mung Bean pH-Balancing Cleansing Foam,,
,WAKEMAKE Seamless Wear Cushion,,
,d'Alba Waterfull Tone-Up Sun Cream Duo Set,,
,medicube Age-R Booster Pro,,
,Anua PDRN Hyaluronic Capsule,,
,VT Reedle Shot,,
,SUNGBOON EDITOR Green Tomato Pore Lifting Ampoule ,,
,ROUND LAB Birch Juice Moisturizing Sunscreen,,
,peripera Ink Mood Glowy Tint,,
,Dr.G Red Blemish Clear Soothing Cream Special Set,,
,too cool for school Frottage Pencil,,
,[TINTINTINGLE EDITION] ma:nyo Pure Cleansing Oil,,
$27.00,DIVE-IN Low Molecular Hyaluronic Acid Soothing Cream,Torriden,
$40.00,Super Vital Radiant Stick,IOPE,
$27.00,DIVE-IN Low Molecular Hyaluronic Acid Soothing Cream,Torriden,
,Torriden Solid In Ceramide Lip Essence,,
$55.00,Gluta Vitamin C Brightening Serum,IOPE,
,ROUND LAB BIRCH JUICE MOISTURIZING SUNSCREEN,,
,[Limited] SKINFOOD Carrot Carotene Calming Water Pad Special Set,,
,[TOY STORY EDITION] MEDIHEAL Madecassoside Blemish Repair Serum,,
,BRINGGREEN Bamboo Hyalu Lip Essence Double Pack,,
,Olive Young Care Plus Scar Cover Spot Patch,,
$19.00,Bio Collagen-Real Deep Mask (4 Pack),Biodance,
$25.00,The Niacinamide 15 Serum,COSRX,
$27.00,DIVE-IN Low Molecular Hyaluronic Acid Soothing Cream,Torriden,
$8.00,Tea Tree Essential Blemish Control Sheet Mask,MEDIHEAL,
,d'Alba Waterful Tone Up Sun Cream Purple,,
,[Teenieping EDITION] goodal Green Tangerine Vita-C Dark Spot Care Serum,,
,HANYUL Pure Artemisia Cleansing Pack Foam,,
$27.00,DIVE-IN Low Molecular Hyaluronic Acid Soothing Cream,Torriden,
,[TWEETY EDITION] INNISFREE Vitamin C Green Tea Enzyme Brightening Serum,,
,UNOVE Silk Oil Essence,,
,PHYSIOGEL DMT Facial Cream,,
,colorgram Nude Blur Tint,,
,PHYSIOGEL DMT Regenerative Cream,,
,WAKEMAKE Any-Proof Eyeliner,,
,CLIO Kill Cover Mesh Glow Essential Cushion,,
,CLIO Kill Lash Mascara,,
,Hince True Dimension Balm,,
$19.90,Heartleaf Pore Control Cleansing Oil,ANUA,
$35.00,Fresh Royal Rosehip Cleanser,Arencia,
$22.00,Perfect Cover BB Cream SPF 42 PA+++,MISSHA,
$19.00,Bio Collagen-Real Deep Mask (4 Pack),Biodance,
$31.00,Aqua Hyaluronic Essence,ROVECTIN,
,hince Second Skin Mesh Matte Cushion,,
,medicube Zero Pore Pad,,
,CLIO KILL COVER FOUNWEAR CUSHION THE ORIGINAL,,
,Arencia Green Tea LHA Deep Pore Rice Cake Cleanser,,
,[Winter's Pick] espoir Pro Tailor Be Velvet Cover Cushion New Class,,
,BIOHEAL BOH Probioderm,,
,beplain Mung Bean pH-Balanced Cleansing Foam,,
$8.00,Collagen Essential Mask,MEDIHEAL,
,Beauty of Joseon Relief Sun: Rice   Probiotics  Double Pack,,
,OBge Natural Cover Lotion,,
,too cool for school Artclass By. Rodin Shading,,
,VT Reedle Shot,,
$20.00,Objet Liquid,MUZIGAE MANSION,
,Dr.G Green Mild Up Sun  Special Set,,
$25.00,Peach 70 Niacin Serum,ANUA,
,BEYOND Classic Hand Cream Deep Moisture,,
$30.00,Aqua Soothing Cream,Real Barrier,
$24.00,DIVE-IN Low Molecular Hyaluronic Acid Serum,Torriden,
,VT Reedle Shot,,
,CLIO Kill Brow Auto Hard Brow Pencil,,
,LABO-H Hair Loss Care Hair Line Ampoule Double Set,,
$19.00,Bio Collagen-Real Deep Mask (4 Pack),Biodance,
,★,,
$32.00,Vitamin C Glow Capsule Lotion,HANSKIN,
$15.99,Curl Fix Mascara - 04 Volume,ETUDE,
$17.00,Centella Water Alcohol-Free Toner,COSRX,
$24.99,Glitterpedia Eye Palette - No3. All of Coral Pink,UNLEASHIA,
,numbuzin No.,,
,[Amuroki EDITION] ROUND LAB,,
$8.00,Tea Tree Essential Blemish Control Sheet Mask,MEDIHEAL,
$70.00,The Cleansing Duo,Then I Met You,
,snuggle Double Soft Fabric Freshener,,
,WAKEMAKE Waterful Glow Tint,,
$26.99,Safe Me. Relief Moisture Cleansing Milk,MAKE P:REM,
,CNP Propolis Energy Active Ampule,,
,Abib Mild Acidic pH Sheet Mask Heartleaf Fit,,
,,,
,fwee Lip & Cheek Blurry Pudding Pot,,
,too cool for school Smudging Under Liner,,
$24.00,Double Date Lip and Cheek Duo - Rendezvous/Swipe,WANDER BEAUTY,
$9.99,Shaper Defining Eyebrow Pencil,UNLEASHIA,
,CLIO Crystal Glam Tint,,
,MEDI-PEEL Red Lacto Collagen Wrapping Mask,,
,[Teenieping EDITION] goodal Heartleaf Calming Moisture Sun Cream,,
